species,region_class,base_count,interval_count,coverage_fraction,sum_bits,mean_bpb,min_bpb,max_bpb
HePy,intergenic,128733,1228,0.07718499865095782,210491.94431058984,1.6351047851801002,0.0012367364652292967,9.394948733167265
HePy,cds,1526441,1183,0.9152147974937794,1892714.2064567308,1.2399524164096292,0.0004467096664628369,13.289095259639979
HePy,rna,12676,46,0.007600203855262763,3294.6052857003956,0.25990890546705553,0.000517588896027836,11.59989138114346
HePy,exon_non_cds,0,0,0.0,0.0,,,
HePy,intron,0,0,0.0,0.0,,,
HePy,gene_other,0,0,0.0,0.0,,,
HePy,repeat_mobile_existing,0,0,0.0,0.0,,,
ScPo,intergenic,1237740,4602,0.09830471347806435,2150047.4829098973,1.7370752200865265,0.000993154981045752,9.179437720771519
ScPo,cds,7188107,10215,0.5708992188057821,10852166.282160232,1.509739112420034,0.0004459937565609865,12.22075690715594
ScPo,rna,2516991,8189,0.19990634469425458,4451949.419278157,1.7687585769190899,0.0006396592720976888,11.8941801498375
ScPo,exon_non_cds,1362461,6680,0.10821039816927386,2515417.135876062,1.8462305606370104,0.0012851733778213535,12.262566937514698
ScPo,intron,209346,2624,0.01662683483427768,376075.55384738697,1.7964305687588344,0.0013039032368698542,12.843623219892107
ScPo,gene_other,0,0,0.0,0.0,,,
ScPo,repeat_mobile_existing,76206,231,0.006052490018347449,76577.8525126575,1.0048795700162387,0.0012455477465563608,9.460863202191586
PlFa,intergenic,9353538,5636,0.40097695053155863,11926501.029399583,1.2750791229371798,0.0010743005062111872,11.14243876918019
PlFa,cds,12205712,13684,0.5232468373813686,17492917.058320623,1.4331746528445553,0.00043807855053391257,14.114099223367626
PlFa,rna,114036,202,0.00488861086904408,117299.35736268069,1.0286169048605764,0.0005466672435033178,10.689502867993115
PlFa,exon_non_cds,0,0,0.0,0.0,,,
PlFa,intron,1653586,8563,0.07088760121802871,2053004.3138186918,1.241546743754901,0.0009532728474885879,13.869139089597299
PlFa,gene_other,0,0,0.0,0.0,,,
PlFa,repeat_mobile_existing,0,0,0.0,0.0,,,
EnIn,intergenic,24399207,11981,0.602508958475832,28683609.101944048,1.175595956948275,0.000541160246545805,12.445791989772447
EnIn,cds,15562764,17411,0.384303667272677,23233205.737449586,1.4928714293585372,0.0004615101184785531,14.360604168459535
EnIn,rna,0,0,0.0,0.0,,,
EnIn,exon_non_cds,0,0,0.0,0.0,,,
EnIn,intron,534036,5450,0.013187374251491017,814107.2570269817,1.5244426537293023,0.0007875021597157815,13.729144433850138
EnIn,gene_other,0,0,0.0,0.0,,,
EnIn,repeat_mobile_existing,0,0,0.0,0.0,,,
