species,source_name,source_path,mode,sample_bytes,sample_bases,sample_symbols_with_eos,encoded_token_count,tail_padding_tokens,encoded_padding_tokens,theoretical_bits,theoretical_bits_per_base,theoretical_bits_source,arithmetic_coded_bytes,arithmetic_payload_bytes,framing_bytes,compressed_bpb_payload_only,compressed_bpb_with_framing,arithmetic_bits_per_base,model_forward_seconds,softmax_seconds,model_forward_softmax_seconds,probability_compute_seconds,data_transfer_seconds,arithmetic_encode_seconds,gpu_prefix_aggregate_seconds,window_build_seconds,python_overhead_seconds,cpu_small_alphabet_quantize_seconds,arithmetic_quantize_seconds,arithmetic_range_seconds,arithmetic_wrapper_seconds,arithmetic_interval_transfer_seconds,fast_floor_interval_seconds,arithmetic_backend,compression_process_seconds,compression_bytes_per_second,compression_bases_per_second,compression_symbols_per_second,arithmetic_coding_mode,arithmetic_quantization_mode,arithmetic_merge_size,emitted_arithmetic_symbol_count,arithmetic_frequency_total,arithmetic_vocab_size,arithmetic_target_uniform_mass,arithmetic_effective_uniform_mass,window_policy,window_stride,cache_reuse,window_codec_format_version,window_codec_payload_sha256,window_codec_framing,window_codec_compression_mode,window_codec_quantization_mode,window_codec_batch_size,window_codec_devices,window_codec_shard_count,window_codec_parallelism,window_codec_window_count,window_codec_tokens_per_window,window_codec_encoded_token_count,window_codec_logical_token_count,window_codec_tail_padding_tokens,window_codec_framed_bytes,window_codec_framing_bytes,window_codec_framing_overhead_bpb,window_codec_bpb_with_framing,window_codec_bpb_payload_only,window_codec_bases_per_second,ascii_bytes,two_bit_pack_bytes,gzip_bytes,bz2_bytes,lzma_bytes,window_codec_payload_path,window_codec_metadata_path,fasta_file_bytes,fasta_sequence_bytes,fasta_header_bytes,fasta_newline_bytes,fasta_other_sequence_bytes,fasta_text_skipped_bytes,manifest_selected_record_count,manifest_selected_bytes,manifest_bytes_written,fasta_read_seconds,compression_wall_seconds,total_wall_seconds_including_fasta_read,wall_seconds_including_fasta_read,split
gtdb_v220,gtdb_v220,/data/students/Liang_junnan/opengenome2_subset/fasta_test_subset_100mb_per_source/gtdb_v220.fasta,windows_nonoverlap,97479784,97479783,32493262,32493568,306,0,160817344.0,1.6497507385710943,actual_window_codec_bytes,20102168,20038640,63528,1.6445371036576888,1.6497507385710943,1.6497507385710943,136.2004994630115,0.0,136.2004994630115,136.2004994630115,0.37771404872182757,28.53376936231312,0.0,0.0,0.0,27.144337079313118,27.144337079313118,1.389432283,0.0,0.37771404872182757,27.144337079313118,fast_cpp,120.20915099498234,810918.1638265535,810918.1555077194,270308.6057180149,model_symbol,fast_floor,1,32493262,32768,127,0.01,0.003875732421875,contiguous_train_style,1024,True,3,d94189fc518bfb17cd1062f6d2a2ef6567fdb33b8565ae42f85b0ac73647251a,mbw_v3_compact_varuint_length_prefixed_streams,cached,fast_floor,8192,"[""cuda:1"", ""cuda:2""]",4,multi_gpu_window_shards,31732,1024,32493568,32493262,306,20102168,63528,0.005213634913405583,1.6497507385710943,1.6445371036576888,810918.1555077194,0,0,,,,outputs/dna_megabyte_large_20260616_144744_20260616_171309_20260617_140217/statistics_opengenome2_fasta_100mb/window_codec/gtdb_v220.fasta.mbw,outputs/dna_megabyte_large_20260616_144744_20260616_171309_20260617_140217/statistics_opengenome2_fasta_100mb/window_codec/gtdb_v220.fasta.mbw.json,100008876,97479784,1297239,1231853,0,2529092,8931,100008876,100008876,0.0,120.30204580398276,120.30204826398403,120.30204826398403,test
metagenomes,metagenomes,/data/students/Liang_junnan/opengenome2_subset/fasta_test_subset_100mb_per_source/metagenomes.fasta,windows_nonoverlap,103784524,103784523,34594842,34595840,998,0,174668208.0,1.6829889751480576,actual_window_codec_bytes,21833526,21765893,67633,1.6777756351975526,1.6829889751480576,1.6829889751480576,150.7217501551495,0.0,150.7217501551495,150.7217501551495,0.5323486558045261,35.07067363607171,0.0,0.0,0.0,33.57980714907171,33.57980714907171,1.490866487,0.0,0.5323486558045261,33.57980714907171,fast_cpp,105.25969511800213,985985.4133498261,985985.4038495136,328671.29209538456,model_symbol,fast_floor,1,34594842,32768,127,0.01,0.003875732421875,contiguous_train_style,1024,True,3,b80e89125320d512ebb0ae262897ad9a82c756f5e2d2279bada68fb1b0267673,mbw_v3_compact_varuint_length_prefixed_streams,cached,fast_floor,8192,"[""cuda:1"", ""cuda:2""]",5,multi_gpu_window_shards,33785,1024,34595840,34594842,998,21833526,67633,0.005213339950504952,1.6829889751480576,1.6777756351975526,985985.4038495136,0,0,,,,outputs/dna_megabyte_large_20260616_144744_20260616_171309_20260617_140217/statistics_opengenome2_fasta_100mb/window_codec/metagenomes.fasta.mbw,outputs/dna_megabyte_large_20260616_144744_20260616_171309_20260617_140217/statistics_opengenome2_fasta_100mb/window_codec/metagenomes.fasta.mbw.json,103851550,103784524,65168,1858,0,67026,929,103851550,103851550,0.0,105.35579506898648,105.3557982390048,105.3557982390048,test
mrna,mrna,/data/students/Liang_junnan/opengenome2_subset/fasta_test_subset_100mb_per_source/mrna.fasta,windows_nonoverlap,98315201,98315199,32771734,32772096,362,0,182150904.0,1.8527237482375436,actual_window_codec_bytes,22768863,22704793,64070,1.8475103122153067,1.8527237482375436,1.8527237482375436,155.90809245521086,0.0,155.90809245521086,155.90809245521086,0.47523261717287824,34.17463160450036,0.0,0.0,0.0,32.72203703050036,32.72203703050036,1.452594574,0.0,0.47523261717287824,32.72203703050036,fast_cpp,110.04573035700014,893403.1395952842,893403.1214210216,297804.3391023333,model_symbol,fast_floor,1,32771734,32768,127,0.01,0.003875732421875,contiguous_train_style,1024,True,3,2103e0db805f2d9445f117ea5deec10d72a7b2914a2fb33cb76cbf7e6362bdc4,mbw_v3_compact_varuint_length_prefixed_streams,cached,fast_floor,8192,"[""cuda:1"", ""cuda:2""]",4,multi_gpu_window_shards,32004,1024,32772096,32771734,362,22768863,64070,0.005213436022237009,1.8527237482375436,1.8475103122153067,893403.1214210216,0,0,,,,outputs/dna_megabyte_large_20260616_144744_20260616_171309_20260617_140217/statistics_opengenome2_fasta_100mb/window_codec/mrna.fasta.mbw,outputs/dna_megabyte_large_20260616_144744_20260616_171309_20260617_140217/statistics_opengenome2_fasta_100mb/window_codec/mrna.fasta.mbw.json,100000316,98315201,1593685,90768,662,1685115,45384,100000316,100000316,0.0,110.15210638102144,110.15210878101061,110.15210878101061,test
ncbi_eukaryotic_genomes,ncbi_eukaryotic_genomes,/data/students/Liang_junnan/opengenome2_subset/fasta_test_subset_100mb_per_source/ncbi_eukaryotic_genomes.fasta,windows_nonoverlap,99897962,99897960,33299321,33299456,135,0,166165352.0,1.663350803159544,actual_window_codec_bytes,20770669,20705567,65102,1.6581373233247205,1.663350803159544,1.663350803159544,163.90482064985554,0.0,163.90482064985554,163.90482064985554,0.477628841472324,37.40362790726664,0.0,0.0,0.0,36.00435696626664,36.00435696626664,1.399270941,0.0,0.477628841472324,36.00435696626664,fast_cpp,121.85783993199584,819791.0126730393,819790.996260472,273264.78147473437,model_symbol,fast_floor,1,33299321,32768,127,0.01,0.003875732421875,contiguous_train_style,1024,True,3,85352880327a15e974e0b6127f39932d2149ed0fcf01d0eaaf625f75c234f0d8,mbw_v3_compact_varuint_length_prefixed_streams,cached,fast_floor,8192,"[""cuda:1"", ""cuda:2""]",4,multi_gpu_window_shards,32519,1024,33299456,33299321,135,20770669,65102,0.0052134798348234535,1.663350803159544,1.6581373233247205,819790.996260472,0,0,,,,outputs/dna_megabyte_large_20260616_144744_20260616_171309_20260617_140217/statistics_opengenome2_fasta_100mb/window_codec/ncbi_eukaryotic_genomes.fasta.mbw,outputs/dna_megabyte_large_20260616_144744_20260616_171309_20260617_140217/statistics_opengenome2_fasta_100mb/window_codec/ncbi_eukaryotic_genomes.fasta.mbw.json,100008967,99897962,102571,8434,0,111005,4217,100008968,100008968,0.0,121.93930933397496,121.93931257398799,121.93931257398799,test
ncrna,ncrna,/data/students/Liang_junnan/opengenome2_subset/fasta_test_subset_100mb_per_source/ncrna.fasta,windows_nonoverlap,95896259,95896257,31965420,31966208,788,0,173338928.0,1.8075671921167893,actual_window_codec_bytes,21667366,21604868,62498,1.802353391123493,1.8075671921167893,1.8075671921167893,156.36889846783015,0.0,156.36889846783015,156.36889846783015,0.4368798292707652,36.7717169711354,0.0,0.0,0.0,35.3765208091354,35.3765208091354,1.395196162,0.0,0.4368798292707652,35.3765208091354,fast_cpp,117.36392106799758,817084.6553809345,817084.6383399224,272368.2687925842,model_symbol,fast_floor,1,31965420,32768,127,0.01,0.003875732421875,contiguous_train_style,1024,True,3,abc5b047936d86add4d641784bbe922be794775bbabecfbce83526f629b9b662,mbw_v3_compact_varuint_length_prefixed_streams,cached,fast_floor,8192,"[""cuda:1"", ""cuda:2""]",4,multi_gpu_window_shards,31217,1024,31966208,31965420,788,21667366,62498,0.005213800993296328,1.8075671921167893,1.802353391123493,817084.6383399224,0,0,,,,outputs/dna_megabyte_large_20260616_144744_20260616_171309_20260617_140217/statistics_opengenome2_fasta_100mb/window_codec/ncrna.fasta.mbw,outputs/dna_megabyte_large_20260616_144744_20260616_171309_20260617_140217/statistics_opengenome2_fasta_100mb/window_codec/ncrna.fasta.mbw.json,100000282,95896259,3901729,198242,4052,4104023,99121,100000282,100000282,0.0,117.44707110800664,117.44707314801053,117.44707314801053,test
organelles,organelles,/data/students/Liang_junnan/opengenome2_subset/fasta_test_subset_100mb_per_source/organelles.fasta,windows_nonoverlap,100086958,100086957,33362320,33362944,624,0,178761408.0,1.7860609749580059,actual_window_codec_bytes,22345176,22279950,65226,1.7808474285015978,1.7860609749580059,1.7860609749580059,152.44859199243365,0.0,152.44859199243365,152.44859199243365,0.4178779188077897,33.302740555122234,0.0,0.0,0.0,31.829199333122233,31.829199333122233,1.473541222,0.0,0.4178779188077897,31.829199333122233,fast_cpp,105.11210741699324,952192.4777223063,952192.4682086544,317403.43543531967,model_symbol,fast_floor,1,33362320,32768,127,0.01,0.003875732421875,contiguous_train_style,1024,True,3,f03c8e016fd812e5dd2db4b68c415a0503d5e672b19a6943b3d6592b639b726e,mbw_v3_compact_varuint_length_prefixed_streams,cached,fast_floor,8192,"[""cuda:1"", ""cuda:2""]",4,multi_gpu_window_shards,32581,1024,33362944,33362320,624,22345176,65226,0.005213546456407901,1.7860609749580059,1.7808474285015978,952192.4682086544,0,0,,,,outputs/dna_megabyte_large_20260616_144744_20260616_171309_20260617_140217/statistics_opengenome2_fasta_100mb/window_codec/organelles.fasta.mbw,outputs/dna_megabyte_large_20260616_144744_20260616_171309_20260617_140217/statistics_opengenome2_fasta_100mb/window_codec/organelles.fasta.mbw.json,100102991,100086958,13536,2256,241,16033,1128,100102991,100102991,0.0,105.19735025000409,105.19735336001031,105.19735336001031,test
plasmids_phage,plasmids_phage,/data/students/Liang_junnan/opengenome2_subset/fasta_test_subset_100mb_per_source/plasmids_phage.fasta,windows_nonoverlap,99800135,99800133,33266712,33267712,1000,0,176598680.0,1.7695234935207953,actual_window_codec_bytes,22074835,22009796,65039,1.764309953374511,1.7695234935207953,1.7695234935207953,148.79469793575117,0.0,148.79469793575117,148.79469793575117,0.4201670815527905,31.414639676846473,0.0,0.0,0.0,29.958698189846473,29.958698189846473,1.455941487,0.0,0.4201670815527905,29.958698189846473,fast_cpp,99.25035730501986,1005539.3019220127,1005539.2817709517,335189.8461963259,model_symbol,fast_floor,1,33266712,32768,127,0.01,0.003875732421875,contiguous_train_style,1024,True,3,7fab56a9d685669043ef708b53d884dc110bbeb2248fe07a7a80f4094c358d3d,mbw_v3_compact_varuint_length_prefixed_streams,cached,fast_floor,8192,"[""cuda:1"", ""cuda:2""]",4,multi_gpu_window_shards,32488,1024,33267712,33266712,1000,22074835,65039,0.005213540146284174,1.7695234935207953,1.764309953374511,1005539.2817709517,0,0,,,,outputs/dna_megabyte_large_20260616_144744_20260616_171309_20260617_140217/statistics_opengenome2_fasta_100mb/window_codec/plasmids_phage.fasta.mbw,outputs/dna_megabyte_large_20260616_144744_20260616_171309_20260617_140217/statistics_opengenome2_fasta_100mb/window_codec/plasmids_phage.fasta.mbw.json,100001852,99800135,188703,13014,0,201717,6507,100001852,100001852,0.0,99.33547480899142,99.33547691901913,99.33547691901913,test
promoters,promoters,/data/students/Liang_junnan/opengenome2_subset/fasta_test_subset_100mb_per_source/promoters.fasta,windows_nonoverlap,90090600,90090600,30030201,30030848,647,0,168369864.0,1.8688949124547956,actual_window_codec_bytes,21046233,20987515,58718,1.863680783566765,1.8688949124547956,1.8688949124547956,150.05709325973294,0.0,150.05709325973294,150.05709325973294,0.4297810151183512,36.51270311794719,0.0,0.0,0.0,35.17352458994719,35.17352458994719,1.339178528,0.0,0.4297810151183512,35.17352458994719,fast_cpp,108.65490841600695,829144.3185895496,829144.3185895496,276387.40336534934,model_symbol,fast_floor,1,30030201,32768,127,0.01,0.003875732421875,contiguous_train_style,1024,True,3,70c338df4ce96346f0cd0ac7805b9774c8ac7bb61192f0d4123e88208eb59c05,mbw_v3_compact_varuint_length_prefixed_streams,cached,fast_floor,8192,"[""cuda:1"", ""cuda:2""]",4,multi_gpu_window_shards,29327,1024,30030848,30030201,647,21046233,58718,0.005214128888030494,1.8688949124547956,1.863680783566765,829144.3185895496,0,0,,,,outputs/dna_megabyte_large_20260616_144744_20260616_171309_20260617_140217/statistics_opengenome2_fasta_100mb/window_codec/promoters.fasta.mbw,outputs/dna_megabyte_large_20260616_144744_20260616_171309_20260617_140217/statistics_opengenome2_fasta_100mb/window_codec/promoters.fasta.mbw.json,100000566,90090600,9609664,300302,0,9909966,150151,100000566,100000566,0.0,108.73191637001582,108.73192116999417,108.73192116999417,test
transcripts,transcripts,/data/students/Liang_junnan/opengenome2_subset/fasta_test_subset_100mb_per_source/transcripts.fasta,windows_nonoverlap,99087093,99087093,33029032,33029120,88,0,184091120.0,1.8578718420975373,actual_window_codec_bytes,23011390,22946816,64574,1.8526583275583632,1.8578718420975373,1.8578718420975373,160.36999849276617,0.0,160.36999849276617,160.36999849276617,0.44762971630552784,36.62944878508379,0.0,0.0,0.0,35.16751207408379,35.16751207408379,1.4619367109999999,0.0,0.44762971630552784,35.16751207408379,fast_cpp,118.1499281830038,838655.5499764914,838655.5499764914,279552.6032723508,model_symbol,fast_floor,1,33029032,32768,127,0.01,0.003875732421875,contiguous_train_style,1024,True,3,44052d2a8b74c7615523e9da29c7341ba8641d0271fd30d3d0debbf58ba9b21f,mbw_v3_compact_varuint_length_prefixed_streams,cached,fast_floor,8192,"[""cuda:1"", ""cuda:2""]",4,multi_gpu_window_shards,32255,1024,33029120,33029032,88,23011390,64574,0.005213514539174138,1.8578718420975373,1.8526583275583632,838655.5499764914,0,0,,,,outputs/dna_megabyte_large_20260616_144744_20260616_171309_20260617_140217/statistics_opengenome2_fasta_100mb/window_codec/transcripts.fasta.mbw,outputs/dna_megabyte_large_20260616_144744_20260616_171309_20260617_140217/statistics_opengenome2_fasta_100mb/window_codec/transcripts.fasta.mbw.json,100002529,99087093,850138,65296,2,915436,32648,100002529,100002529,0.0,118.2497837950068,118.24978609499522,118.24978609499522,test
