source,sample_bases,window_bases,window_count,geco2_level,single_window_mean_bpb,single_window_std_bpb,full_sequence_theoretical_bpb,full_sequence_arithmetic_bpb,delta_full_minus_window_mean_bpb,trace_index_path,curve_data_path,plot_path,trace_read_seconds
HoSa,189752667,8192,23164,12,1.640348655568763,0.283229206365527,1.6403478393029765,1.6403471999684727,-8.162657865184997e-07,outputs/nc_prefix_dnacorpus_best_available_w8192_target_traces_full/traces/HoSa/position_index.json,/home/Liang_junnan/DNACompress/outputs/nc_prefix_dnacorpus_best_available_w8192_target_traces_full/species_curves_v2/curve_data/nc_prefix_w8192_curve_HoSa.npz,/home/Liang_junnan/DNACompress/outputs/nc_prefix_dnacorpus_best_available_w8192_target_traces_full/species_curves_v3/nc_prefix_w8192_curve_HoSa.png,0.0
GaGa,148532294,8192,18132,11,1.8255973892627884,0.14764735668292056,1.8256031150564564,1.825601050772164,5.725793668087675e-06,outputs/nc_prefix_dnacorpus_best_available_w8192_target_traces_full/traces/GaGa/position_index.json,/home/Liang_junnan/DNACompress/outputs/nc_prefix_dnacorpus_best_available_w8192_target_traces_full/species_curves_v2/curve_data/nc_prefix_w8192_curve_GaGa.npz,/home/Liang_junnan/DNACompress/outputs/nc_prefix_dnacorpus_best_available_w8192_target_traces_full/species_curves_v3/nc_prefix_w8192_curve_GaGa.png,0.0
AnCa,142189675,8192,17358,10,1.556560785386135,0.2483496861501719,1.5565593795137986,1.5565652850672878,-1.4058723363241654e-06,outputs/nc_prefix_dnacorpus_best_available_w8192_target_traces_full/traces/AnCa/position_index.json,/home/Liang_junnan/DNACompress/outputs/nc_prefix_dnacorpus_best_available_w8192_target_traces_full/species_curves_v2/curve_data/nc_prefix_w8192_curve_AnCa.npz,/home/Liang_junnan/DNACompress/outputs/nc_prefix_dnacorpus_best_available_w8192_target_traces_full/species_curves_v3/nc_prefix_w8192_curve_AnCa.png,0.0
DaRe,62565020,8192,7638,10,1.4742804091081363,0.28076851312420475,1.4742879644182967,1.4742920564877946,7.555310160389794e-06,outputs/nc_prefix_dnacorpus_best_available_w8192_target_traces_full/traces/DaRe/position_index.json,/home/Liang_junnan/DNACompress/outputs/nc_prefix_dnacorpus_best_available_w8192_target_traces_full/species_curves_v2/curve_data/nc_prefix_w8192_curve_DaRe.npz,/home/Liang_junnan/DNACompress/outputs/nc_prefix_dnacorpus_best_available_w8192_target_traces_full/species_curves_v3/nc_prefix_w8192_curve_DaRe.png,0.0
OrSa,43262523,8192,5282,10,1.602135118298777,0.399534320391725,1.6020771257899085,1.602088347921826,-5.799250886862062e-05,outputs/nc_prefix_dnacorpus_best_available_w8192_target_traces_full/traces/OrSa/position_index.json,/home/Liang_junnan/DNACompress/outputs/nc_prefix_dnacorpus_best_available_w8192_target_traces_full/species_curves_v2/curve_data/nc_prefix_w8192_curve_OrSa.npz,/home/Liang_junnan/DNACompress/outputs/nc_prefix_dnacorpus_best_available_w8192_target_traces_full/species_curves_v3/nc_prefix_w8192_curve_OrSa.png,0.0
DrMe,32181429,8192,3929,10,1.8613368000775448,0.14319998676190476,1.8613661170608848,1.8613699223859823,2.9316983340077485e-05,outputs/nc_prefix_dnacorpus_best_available_w8192_target_traces_full/traces/DrMe/position_index.json,/home/Liang_junnan/DNACompress/outputs/nc_prefix_dnacorpus_best_available_w8192_target_traces_full/species_curves_v2/curve_data/nc_prefix_w8192_curve_DrMe.npz,/home/Liang_junnan/DNACompress/outputs/nc_prefix_dnacorpus_best_available_w8192_target_traces_full/species_curves_v3/nc_prefix_w8192_curve_DrMe.png,0.0
EnIn,26403087,8192,3224,9,1.568419148604716,0.33736608892538694,1.568468759662274,1.5684775041645698,4.9611057557852334e-05,outputs/nc_prefix_dnacorpus_best_available_w8192_target_traces_full/traces/EnIn/position_index.json,/home/Liang_junnan/DNACompress/outputs/nc_prefix_dnacorpus_best_available_w8192_target_traces_full/species_curves_v2/curve_data/nc_prefix_w8192_curve_EnIn.npz,/home/Liang_junnan/DNACompress/outputs/nc_prefix_dnacorpus_best_available_w8192_target_traces_full/species_curves_v3/nc_prefix_w8192_curve_EnIn.png,0.0
ScPo,10652155,8192,1301,8,1.8926365193520758,0.21882184325435894,1.892622247687573,1.8926266093574493,-1.4271664502851777e-05,outputs/nc_prefix_dnacorpus_best_available_w8192_target_traces_full/traces/ScPo/position_index.json,/home/Liang_junnan/DNACompress/outputs/nc_prefix_dnacorpus_best_available_w8192_target_traces_full/species_curves_v2/curve_data/nc_prefix_w8192_curve_ScPo.npz,/home/Liang_junnan/DNACompress/outputs/nc_prefix_dnacorpus_best_available_w8192_target_traces_full/species_curves_v3/nc_prefix_w8192_curve_ScPo.png,0.0
WaMe,9144432,8192,1117,5,1.9422743834868648,0.04785850221918553,1.9424551740830287,1.9424567868184706,0.00018079059616393778,outputs/nc_prefix_dnacorpus_best_available_w8192_target_traces_full/traces/WaMe/position_index.json,/home/Liang_junnan/DNACompress/outputs/nc_prefix_dnacorpus_best_available_w8192_target_traces_full/species_curves_v2/curve_data/nc_prefix_w8192_curve_WaMe.npz,/home/Liang_junnan/DNACompress/outputs/nc_prefix_dnacorpus_best_available_w8192_target_traces_full/species_curves_v3/nc_prefix_w8192_curve_WaMe.png,0.0
PlFa,8986712,8192,1098,7,1.7155427908039702,0.2656087009246528,1.7152956122917882,1.715301436164862,-0.00024717851218203357,outputs/nc_prefix_dnacorpus_best_available_w8192_target_traces_full/traces/PlFa/position_index.json,/home/Liang_junnan/DNACompress/outputs/nc_prefix_dnacorpus_best_available_w8192_target_traces_full/species_curves_v2/curve_data/nc_prefix_w8192_curve_PlFa.npz,/home/Liang_junnan/DNACompress/outputs/nc_prefix_dnacorpus_best_available_w8192_target_traces_full/species_curves_v3/nc_prefix_w8192_curve_PlFa.png,0.0
EsCo,4641652,8192,567,6,1.8962670488963052,0.11690381509596583,1.8962380434785238,1.8962421137991388,-2.900541778139143e-05,outputs/nc_prefix_dnacorpus_best_available_w8192_target_traces_full/traces/EsCo/position_index.json,/home/Liang_junnan/DNACompress/outputs/nc_prefix_dnacorpus_best_available_w8192_target_traces_full/species_curves_v2/curve_data/nc_prefix_w8192_curve_EsCo.npz,/home/Liang_junnan/DNACompress/outputs/nc_prefix_dnacorpus_best_available_w8192_target_traces_full/species_curves_v3/nc_prefix_w8192_curve_EsCo.png,0.0
HaHi,3890005,8192,475,5,1.8590976368753533,0.06369778083488448,1.859065527959325,1.859068047470376,-3.210891602845045e-05,outputs/nc_prefix_dnacorpus_best_available_w8192_target_traces_full/traces/HaHi/position_index.json,/home/Liang_junnan/DNACompress/outputs/nc_prefix_dnacorpus_best_available_w8192_target_traces_full/species_curves_v2/curve_data/nc_prefix_w8192_curve_HaHi.npz,/home/Liang_junnan/DNACompress/outputs/nc_prefix_dnacorpus_best_available_w8192_target_traces_full/species_curves_v3/nc_prefix_w8192_curve_HaHi.png,0.0
HePy,1667825,8192,204,4,1.802672591863894,0.11625082839156019,1.802685137581242,1.8026927285536551,1.2545717348100283e-05,outputs/nc_prefix_dnacorpus_best_available_w8192_target_traces_full/traces/HePy/position_index.json,/home/Liang_junnan/DNACompress/outputs/nc_prefix_dnacorpus_best_available_w8192_target_traces_full/species_curves_v2/curve_data/nc_prefix_w8192_curve_HePy.npz,/home/Liang_junnan/DNACompress/outputs/nc_prefix_dnacorpus_best_available_w8192_target_traces_full/species_curves_v3/nc_prefix_w8192_curve_HePy.png,0.0
AeCa,1591049,8192,195,5,1.9108629532349415,0.03293672970426486,1.9108651237227945,1.9108701240502335,2.1704878530037774e-06,outputs/nc_prefix_dnacorpus_best_available_w8192_target_traces_full/traces/AeCa/position_index.json,/home/Liang_junnan/DNACompress/outputs/nc_prefix_dnacorpus_best_available_w8192_target_traces_full/species_curves_v2/curve_data/nc_prefix_w8192_curve_AeCa.npz,/home/Liang_junnan/DNACompress/outputs/nc_prefix_dnacorpus_best_available_w8192_target_traces_full/species_curves_v3/nc_prefix_w8192_curve_AeCa.png,0.0
YeMi,73689,8192,9,3,1.8166311317019992,0.010422403947939297,1.8166345907247634,1.8167161991613403,3.459022764218389e-06,outputs/nc_prefix_dnacorpus_best_available_w8192_target_traces_full/traces/YeMi/position_index.json,/home/Liang_junnan/DNACompress/outputs/nc_prefix_dnacorpus_best_available_w8192_target_traces_full/species_curves_v2/curve_data/nc_prefix_w8192_curve_YeMi.npz,/home/Liang_junnan/DNACompress/outputs/nc_prefix_dnacorpus_best_available_w8192_target_traces_full/species_curves_v3/nc_prefix_w8192_curve_YeMi.png,0.0
AgPh,43970,8192,6,2,1.9397402207056682,0.007036572949769129,1.94119662258643,1.9413236297475551,0.001456401880761904,outputs/nc_prefix_dnacorpus_best_available_w8192_target_traces_full/traces/AgPh/position_index.json,/home/Liang_junnan/DNACompress/outputs/nc_prefix_dnacorpus_best_available_w8192_target_traces_full/species_curves_v2/curve_data/nc_prefix_w8192_curve_AgPh.npz,/home/Liang_junnan/DNACompress/outputs/nc_prefix_dnacorpus_best_available_w8192_target_traces_full/species_curves_v3/nc_prefix_w8192_curve_AgPh.png,0.0
BuEb,18940,8192,3,1,1.9585151672363281,0.0034596649749334134,1.959946932435798,1.9602956705385428,0.0014317651994699698,outputs/nc_prefix_dnacorpus_best_available_w8192_target_traces_full/traces/BuEb/position_index.json,/home/Liang_junnan/DNACompress/outputs/nc_prefix_dnacorpus_best_available_w8192_target_traces_full/species_curves_v2/curve_data/nc_prefix_w8192_curve_BuEb.npz,/home/Liang_junnan/DNACompress/outputs/nc_prefix_dnacorpus_best_available_w8192_target_traces_full/species_curves_v3/nc_prefix_w8192_curve_BuEb.png,0.0
